{
	"name": "Docker in Docker",
	"dockerFile": "Dockerfile",
	"runArgs": ["--init", "--privileged"],
	"mounts": ["source=dind-var-lib-docker,target=/var/lib/docker,type=volume"],
	"overrideCommand": false,

	// Configure tool-specific properties.
	"customizations": {
		// Configure properties specific to VS Code.
		"vscode": {
			// Add the IDs of extensions you want installed when the container is created.
			"extensions": [
				"ms-azuretools.vscode-docker"
			]
		}
	},
	
	// Use 'forwardPorts' to make a list of ports inside the container available locally.
	// "forwardPorts": [],

	// Use 'postCreateCommand' to run commands after the container is created.
	// "postCreateCommand": "docker --version",

	// Comment out to connect as root instead. More info: https://aka.ms/vscode-remote/containers/non-root.
	// ベースイメージで設定されているnon-rootユーザー(sudoer)を利用する場合
	"remoteUser": "vscode",

	// ワーキングディレクトリ(/workspace)がベースイメージのデフォルト設定なので変更したい場合は下記を有効化してパスを指定
	// "workspaceMount": "source=${localWorkspaceFolder}/sub-folder,target=/workspace,type=bind",
	// "workspaceFolder": "/workspace"
}
